{
  "GC=F": {
    "randomforest": {
      "rmse": 495.881383761634,
      "mae": 299.50932832651085,
      "mape": 9.476865302543853,
      "r2": 0.1466029362681247,
      "directional_accuracy": 65.33996683250415
    },
    "lstm": {
      "rmse": 18.85872699822163,
      "mae": 14.171131856375084,
      "mape": 0.7368473575643352,
      "r2": 0.9987657012684751,
      "directional_accuracy": 52.0
    },
    "prophet": {
      "rmse": 266.71534688070057,
      "mae": 171.63006548510575,
      "mape": 5.631080156023911,
      "r2": 0.7531167947903418,
      "directional_accuracy": 52.072968490878935
    },
    "arima": {
      "rmse": 437.95849115675287,
      "mae": 371.26013010939505,
      "mape": 14.999559657407834,
      "r2": 0.3343262412578326,
      "directional_accuracy": 55.55555555555556
    },
    "sarima": {
      "rmse": 398.4246690303321,
      "mae": 363.16514233185035,
      "mape": 16.02365332137933,
      "r2": 0.44908071335129174,
      "directional_accuracy": 48.258706467661696
    },
    "linearregression": {
      "rmse": 27.23097099789973,
      "mae": 19.104300224935585,
      "mape": 0.7261780071612522,
      "r2": 0.9974265141147212,
      "directional_accuracy": 52.40464344941957
    }
  }
}